valid,train,ood
0.75,0.8999999761581421,0.800000011920929
