valid,train,ood
0.9200000166893005,0.9330000281333923,0.7900000214576721
1.0,0.9829999804496765,0.8500000238418579
0.9700000286102295,0.9739999771118164,0.8600000143051147
