valid,train,ood
0.8899999856948853,0.9470000267028809,0.6700000166893005
0.9200000166893005,0.9539999961853027,0.6399999856948853
0.9300000071525574,0.9570000171661377,0.75
