valid,train,ood
0.800000011920929,0.9599999785423279,0.8199999928474426
