valid,train,ood
0.9319999814033508,0.9649999737739563,0.7760000228881836
